-- CREATE DATABASE 'turismo';

DROP TABLE IF EXISTS "public"."actividad_gastronomico";
-- This script only contains the table creation statements and does not fully represent the table in the database. It's still missing: indices, triggers. Do not use it as a backup.

-- Table Definition
CREATE TABLE "public"."actividad_gastronomico" (
    "id" int4 NOT NULL,
    "gastronomico_id" int4 NOT NULL,
    "actividad_id" int4 NOT NULL,
    PRIMARY KEY ("id")
);

DROP TABLE IF EXISTS "public"."actividades";
-- This script only contains the table creation statements and does not fully represent the table in the database. It's still missing: indices, triggers. Do not use it as a backup.

-- Table Definition
CREATE TABLE "public"."actividades" (
    "id" int4 NOT NULL,
    "nombre" varchar NOT NULL,
    PRIMARY KEY ("id")
);

DROP TABLE IF EXISTS "public"."alojamientos";
-- This script only contains the table creation statements and does not fully represent the table in the database. It's still missing: indices, triggers. Do not use it as a backup.

-- Table Definition
CREATE TABLE "public"."alojamientos" (
    "id" int4 NOT NULL,
    "nombre" varchar NOT NULL,
    "domicilio" varchar NOT NULL,
    "lat" numeric(10,6) NOT NULL,
    "lng" numeric(10,6) NOT NULL,
    "foto" varchar,
    "clasificacion_id" int4 NOT NULL,
    "categoria_id" int4 NOT NULL,
    "localidad_id" int4 NOT NULL,
    PRIMARY KEY ("id")
);

DROP TABLE IF EXISTS "public"."categorias";
-- This script only contains the table creation statements and does not fully represent the table in the database. It's still missing: indices, triggers. Do not use it as a backup.

-- Table Definition
CREATE TABLE "public"."categorias" (
    "id" int4 NOT NULL,
    "estrellas" varchar NOT NULL,
    "valor" int4 NOT NULL,
    PRIMARY KEY ("id")
);

DROP TABLE IF EXISTS "public"."clasificaciones";
-- This script only contains the table creation statements and does not fully represent the table in the database. It's still missing: indices, triggers. Do not use it as a backup.

-- Table Definition
CREATE TABLE "public"."clasificaciones" (
    "id" int4 NOT NULL,
    "nombre" varchar NOT NULL,
    PRIMARY KEY ("id")
);

DROP TABLE IF EXISTS "public"."especialidad_gastronomico";
-- This script only contains the table creation statements and does not fully represent the table in the database. It's still missing: indices, triggers. Do not use it as a backup.

-- Table Definition
CREATE TABLE "public"."especialidad_gastronomico" (
    "id" int4 NOT NULL,
    "gastronomico_id" int4 NOT NULL,
    "especialidad_id" int4 NOT NULL,
    PRIMARY KEY ("id")
);

DROP TABLE IF EXISTS "public"."especialidades";
-- This script only contains the table creation statements and does not fully represent the table in the database. It's still missing: indices, triggers. Do not use it as a backup.

-- Table Definition
CREATE TABLE "public"."especialidades" (
    "id" int4 NOT NULL,
    "nombre" varchar NOT NULL,
    PRIMARY KEY ("id")
);

DROP TABLE IF EXISTS "public"."gastronomicos";
-- This script only contains the table creation statements and does not fully represent the table in the database. It's still missing: indices, triggers. Do not use it as a backup.

-- Table Definition
CREATE TABLE "public"."gastronomicos" (
    "id" int4 NOT NULL,
    "nombre" varchar NOT NULL,
    "domicilio" varchar,
    "lat" numeric(10,6) NOT NULL,
    "lng" numeric(10,6) NOT NULL,
    "foto" varchar,
    "localidad_id" int4,
    PRIMARY KEY ("id")
);

DROP TABLE IF EXISTS "public"."localidades";
-- This script only contains the table creation statements and does not fully represent the table in the database. It's still missing: indices, triggers. Do not use it as a backup.

-- Table Definition
CREATE TABLE "public"."localidades" (
    "id" int4 NOT NULL,
    "nombre" varchar NOT NULL,
    PRIMARY KEY ("id")
);

INSERT INTO "public"."actividad_gastronomico" ("id", "gastronomico_id", "actividad_id") VALUES
('1', '1', '9'),
('2', '1', '8'),
('3', '2', '8'),
('4', '2', '12'),
('5', '190', '12'),
('6', '60', '8'),
('7', '60', '12'),
('8', '147', '8'),
('9', '4', '8'),
('10', '4', '12'),
('11', '5', '8'),
('12', '5', '12'),
('13', '6', '8'),
('14', '6', '12'),
('15', '185', '17'),
('16', '186', '17'),
('17', '70', '11'),
('18', '93', '12'),
('19', '7', '10'),
('20', '71', '12'),
('21', '71', '9'),
('22', '71', '11'),
('23', '10', '9'),
('24', '10', '12'),
('25', '79', '9'),
('26', '79', '13'),
('27', '208', '16'),
('28', '208', '13'),
('29', '9', '8'),
('30', '9', '9'),
('31', '66', '11'),
('32', '67', '12'),
('33', '16', '8'),
('34', '136', '12'),
('35', '121', '8'),
('36', '121', '11'),
('37', '121', '12'),
('38', '119', '12'),
('39', '100', '8'),
('40', '223', '8'),
('41', '11', '8'),
('42', '12', '8'),
('43', '89', '8'),
('44', '89', '11'),
('45', '82', '12'),
('46', '120', '12'),
('47', '15', '8'),
('48', '15', '9'),
('49', '15', '12'),
('50', '209', '11'),
('51', '209', '12'),
('52', '14', '8'),
('53', '14', '12'),
('54', '116', '8'),
('55', '116', '9'),
('56', '116', '13'),
('57', '116', '11'),
('58', '98', '9'),
('59', '98', '12'),
('60', '88', '9'),
('61', '88', '11'),
('62', '164', '11'),
('63', '75', '13'),
('64', '151', '11'),
('65', '76', '12'),
('66', '76', '8'),
('67', '152', '14'),
('68', '117', '11'),
('69', '117', '8'),
('70', '117', '9'),
('71', '57', '8'),
('72', '195', '11'),
('73', '195', '8'),
('74', '195', '12'),
('75', '195', '18'),
('76', '153', '11'),
('77', '138', '11'),
('78', '138', '12'),
('79', '17', '8'),
('80', '78', '13'),
('81', '78', '9'),
('82', '18', '8'),
('83', '134', '11'),
('84', '134', '12'),
('85', '134', '13'),
('86', '134', '9'),
('87', '178', '8'),
('88', '178', '12'),
('89', '168', '11'),
('90', '94', '12'),
('91', '192', '12'),
('92', '192', '17'),
('93', '8', '12'),
('94', '80', '11'),
('95', '80', '9'),
('96', '111', '8'),
('97', '111', '12'),
('98', '111', '13'),
('99', '154', '11'),
('100', '154', '9'),
('101', '21', '8'),
('102', '21', '12'),
('103', '81', '12'),
('104', '81', '9'),
('105', '126', '12'),
('106', '126', '8'),
('107', '171', '13'),
('108', '106', '8'),
('109', '106', '12'),
('110', '22', '8'),
('111', '22', '14'),
('112', '191', '12'),
('113', '23', '8'),
('114', '133', '9'),
('115', '133', '11'),
('116', '133', '13'),
('117', '25', '8'),
('118', '25', '12'),
('119', '124', '9'),
('120', '124', '11'),
('121', '124', '13'),
('122', '26', '8'),
('123', '26', '13'),
('124', '27', '8'),
('125', '27', '13'),
('126', '29', '8'),
('127', '29', '12'),
('128', '30', '8'),
('129', '31', '8'),
('130', '32', '8'),
('131', '32', '12'),
('132', '135', '12'),
('133', '59', '8'),
('134', '59', '12'),
('135', '167', '11'),
('136', '102', '8'),
('137', '235', '18'),
('138', '166', '9'),
('139', '103', '8'),
('140', '165', '11'),
('141', '137', '9'),
('142', '137', '13'),
('143', '137', '12'),
('144', '137', '8'),
('145', '132', '8'),
('146', '132', '12'),
('147', '83', '13'),
('148', '128', '8'),
('149', '128', '9'),
('150', '110', '8'),
('151', '95', '11'),
('152', '163', '11'),
('153', '125', '8'),
('154', '37', '8'),
('155', '37', '18'),
('156', '38', '8'),
('157', '39', '11'),
('158', '13', '8'),
('159', '90', '9'),
('160', '90', '11'),
('161', '122', '11'),
('162', '65', '11'),
('163', '40', '8'),
('164', '40', '10'),
('165', '184', '13'),
('166', '131', '8'),
('167', '131', '11'),
('168', '131', '12'),
('169', '131', '13'),
('170', '118', '8'),
('171', '118', '12'),
('172', '118', '13'),
('173', '96', '12'),
('174', '200', '11'),
('175', '200', '12'),
('176', '41', '8'),
('177', '41', '10'),
('178', '42', '10'),
('179', '42', '8'),
('180', '236', '9'),
('181', '203', '9'),
('182', '123', '11'),
('183', '123', '9'),
('184', '112', '8'),
('185', '130', '8'),
('186', '68', '11'),
('187', '84', '12'),
('188', '84', '8'),
('189', '46', '8'),
('190', '46', '12'),
('191', '182', '12'),
('192', '160', '11'),
('193', '77', '13'),
('194', '139', '9'),
('195', '139', '12'),
('196', '139', '11'),
('197', '47', '11'),
('198', '47', '9'),
('199', '113', '8'),
('200', '113', '13'),
('201', '113', '12'),
('202', '69', '11'),
('203', '105', '11'),
('204', '105', '8'),
('205', '49', '12'),
('206', '85', '12'),
('207', '172', '16'),
('208', '36', '12'),
('209', '51', '8'),
('210', '52', '8'),
('211', '52', '12'),
('212', '53', '8'),
('213', '53', '12'),
('214', '188', '14'),
('215', '188', '12'),
('216', '187', '18'),
('217', '56', '13'),
('218', '56', '11'),
('219', '127', '8'),
('220', '58', '8'),
('221', '108', '12'),
('222', '86', '12'),
('223', '86', '11'),
('224', '175', '12'),
('225', '175', '8'),
('226', '189', '12'),
('227', '156', '11'),
('228', '156', '9');

INSERT INTO "public"."actividades" ("id", "nombre") VALUES
('8', 'Restaurante'),
('9', 'Pizzería'),
('10', 'Tenedor Libre'),
('11', 'Comida rápida'),
('12', 'Confitería - Café'),
('13', 'Bar - Pub'),
('14', 'Vegetariana'),
('16', 'Cervecería'),
('17', 'Heladería'),
('18', 'Rotiserías'),
('20', 'Cordero - guiso'),
('21', 'Bar - Pub');

INSERT INTO "public"."alojamientos" ("id", "nombre", "domicilio", "lat", "lng", "foto", "clasificacion_id", "categoria_id", "localidad_id") VALUES
('1', 'Hotel Las Hayas', 'Luis F. Martial  1650', '-54.807243', '-68.352315', 'https://suit.tur.ar/archivos/read/1445/mdc', '8', '5', '1'),
('3', 'Hotel Ushuaia', 'Lasserre  933', '-54.797906', '-68.310884', 'https://suit.tur.ar/archivos/read/11/mdc', '8', '4', '1'),
('4', 'Hotel Canal Beagle', 'Av. Maipú  547', '-54.807438', '-68.305540', 'https://suit.tur.ar/archivos/read/16/mdc', '8', '4', '1'),
('5', 'Hotel Los Yámanas', 'Costa de Los Yamanas  2850', '-54.837826', '-68.360479', 'https://suit.tur.ar/archivos/read/2007/mdc', '8', '3', '1'),
('6', 'Hotel Los Ñires', 'Los Ñires  3040', '-54.836207', '-68.361466', 'https://suit.tur.ar/archivos/read/129/mdc', '8', '3', '1'),
('7', 'Hotel Tolkeyen', 'Del Tolkeyen  2145, Estancia Río Pipo', '-54.836751', '-68.350566', 'https://suit.tur.ar/archivos/read/58/mdc', '8', '3', '1'),
('8', 'Hotel Las Lengas', 'Goleta Florencia  1722', '-54.811449', '-68.323558', 'https://suit.tur.ar/archivos/read/2606/mdc', '8', '3', '1'),
('9', 'Hotel Cap Polonio', 'San Martín  746', '-54.807355', '-68.308338', 'https://suit.tur.ar/archivos/read/1321/mdc', '8', '3', '1'),
('10', 'Hotel Albatros', 'Av. Maipú  505', '-54.807260', '-68.304735', 'https://suit.tur.ar/archivos/read/50/mdc', '8', '4', '1'),
('11', 'Hotel Mónaco', 'San Martín  1355', '-54.809322', '-68.316581', 'https://suit.tur.ar/archivos/read/366/mdc', '8', '1', '1'),
('18', 'Apart Hotel Bahía Serena', 'Juana Fadul  254', '-54.806000', '-68.308746', 'https://suit.tur.ar/archivos/read/468/mdc', '2', '3', '1'),
('20', 'Apart Hotel Alem', 'Av. L.N. Alem  1279', '-54.802376', '-68.319963', 'https://suit.tur.ar/archivos/read/231/mdc', '2', '2', '1'),
('21', 'Apart Hotel Cabo San Diego', '25 de Mayo  368', '-54.804762', '-68.308042', 'https://suit.tur.ar/archivos/read/471/mdc', '2', '1', '1'),
('22', 'Hostería Posada Los Coihues', 'Chubut  1988', '-54.821164', '-68.351048', 'https://suit.tur.ar/archivos/read/437/mdc', '7', '2', '1'),
('23', 'Hostería Cumbres del Martial', 'Luis F. Martial  3560', '-54.799878', '-68.369652', 'https://suit.tur.ar/archivos/read/2604/mdc', '7', '3', '1'),
('24', 'Hospedaje Mayi', 'Primer Argentino  229', '-54.817096', '-68.334309', 'https://suit.tur.ar/archivos/read/170/mdc', '6', '6', '1'),
('25', 'Hotel Posada Fueguina', 'Lasserre  438', '-54.803793', '-68.307207', 'https://suit.tur.ar/archivos/read/462/mdc', '8', '3', '1'),
('27', 'Hostería Patagonia Jarké', 'Sarmiento  310', '-54.807384', '-68.317269', 'https://suit.tur.ar/archivos/read/442/mdc', '7', '3', '1'),
('28', 'Hostería Residencia Linares', 'Gobernador Deloqui  1522', '-54.809245', '-68.319500', 'https://suit.tur.ar/archivos/read/422/mdc', '7', '2', '1'),
('31', 'Hotel Mustapic', 'Piedrabuena  230', '-54.807483', '-68.313985', 'https://suit.tur.ar/archivos/read/379/mdc', '8', '1', '1'),
('32', 'Hostería América', 'Gobernador Paz  1665', '-54.809200', '-68.323226', 'https://suit.tur.ar/archivos/read/436/mdc', '7', '1', '1'),
('33', 'Hostería Posada Fin del Mundo', 'Rivadavia 610', '-54.801344', '-68.305204', 'https://suit.tur.ar/archivos/read/425/mdc', '7', '1', '1'),
('35', 'B&B Mysten Kepen', 'Rivadavia 826', '-54.799868', '-68.305784', 'https://suit.tur.ar/archivos/read/489/mdc', '4', '6', '1'),
('36', 'Cabañas Aldea Nevada', 'Luis Fernando Martial  1430', '-54.808888', '-68.351006', 'https://suit.tur.ar/archivos/read/265/mdc', '3', '3', '1'),
('37', 'Cabañas del Martial', 'Luis Fernando Martial  2109', '-54.805574', '-68.355512', 'https://suit.tur.ar/archivos/read/292/mdc', '3', '3', '1'),
('39', 'Cabañas Patagonia Villa', 'Bahía Buen Suceso  563, Bº Bosque del Faldeo', '-54.795251', '-68.292775', 'https://suit.tur.ar/archivos/read/1939/mdc', '3', '3', '1'),
('40', 'Cabañas Bosque del Faldeo', 'Bahía Paraíso 585/597', '-54.796991', '-68.297508', 'https://suit.tur.ar/archivos/read/472/mdc', '3', '3', '1'),
('43', 'Cabañas Aves del Sur', 'Gobernador Valdéz  337', '-54.801229', '-68.306185', 'https://suit.tur.ar/archivos/read/475/mdc', '3', '1', '1'),
('46', 'Cabañas Estancia Rio Olivia', 'Ruta 30 Km. 1,2 camino a Playa Larga', '-54.799921', '-68.226454', NULL, '3', '1', '1'),
('47', 'Hospedaje Río Ona', 'Magallanes  196', '-54.802368', '-68.303153', 'https://suit.tur.ar/archivos/read/183/mdc', '6', '6', '1'),
('48', 'Hospedaje Hostal Malvinas', 'Gobernador Deloqui  615', '-54.806072', '-68.307329', 'https://suit.tur.ar/archivos/read/1871/mdc', '6', '6', '1'),
('55', 'Albergue Refugio del Mochilero', '25 de Mayo  231', '-54.805797', '-68.307065', 'https://suit.tur.ar/archivos/read/484/mdc', '1', '6', '1'),
('56', 'Albergue Torre al Sur', 'Gobernador Paz 855', '-54.806104', '-68.311119', NULL, '1', '6', '1'),
('57', 'Albergue El Jardín', 'Gobernador Paz  1480', '-54.808249', '-68.319070', NULL, '1', '6', '1'),
('58', 'Albergue Los Cormoranes', 'Kamshen  788', '-54.802341', '-68.318557', 'https://suit.tur.ar/archivos/read/563/mdc', '1', '6', '1'),
('62', 'Albergue Cruz del Sur', 'Gobernador Deloqui 242', '-54.804860', '-68.302075', 'https://suit.tur.ar/archivos/read/25/mdc', '1', '6', '1'),
('64', 'Albergue La Posta', 'Juan D. Perón Sur 864', '-54.826002', '-68.329953', 'https://suit.tur.ar/archivos/read/140/mdc', '1', '6', '1'),
('69', 'B&B Nahuel', '25 de Mayo  440', '-54.804221', '-68.308486', 'https://suit.tur.ar/archivos/read/250/mdc', '4', '6', '1'),
('70', 'B&B Familia Piatti', 'Bahía Paraíso  812, Barrio Bosque del Faldeo', '-54.796324', '-68.293778', 'https://suit.tur.ar/archivos/read/478/mdc', '4', '6', '1'),
('72', 'B&B Familia Velázquez', 'Juana Fadul  361', '-54.804938', '-68.309273', 'https://suit.tur.ar/archivos/read/479/mdc', '4', '6', '1'),
('74', 'B&B La Casa de Tere', 'Rivadavia  620', '-54.801061', '-68.305464', 'https://suit.tur.ar/archivos/read/248/mdc', '4', '6', '1'),
('76', 'B&B Las Retamas', 'Av. Magallanes  1780', '-54.807157', '-68.327353', 'https://suit.tur.ar/archivos/read/481/mdc', '4', '6', '1'),
('77', 'B&B La Casa', 'Gobernador Paz  1380', '-54.807952', '-68.317892', 'https://suit.tur.ar/archivos/read/480/mdc', '4', '6', '1'),
('80', 'Hostería Sloggett', 'Gobernador Campos  1310', '-54.806950', '-68.317670', 'https://suit.tur.ar/archivos/read/466/mdc', '7', '2', '1'),
('81', 'B&B Tzion', 'Gobernador Valdéz  468', '-54.801136', '-68.308411', 'https://suit.tur.ar/archivos/read/482/mdc', '4', '6', '1'),
('83', 'Hospedaje Paisaje del Beagle', 'Gobernador Paz  1345', '-54.807803', '-68.317865', 'https://suit.tur.ar/archivos/read/490/mdc', '6', '6', '1'),
('94', 'Cabañas Khami', 'Gendarmería Nacional  2219', '-54.526666', '-67.231303', NULL, '3', '3', '3'),
('95', 'Camping Hain Lago Khami', 'Cabecera del Lago Fagnano', '-54.521977', '-67.235422', NULL, '5', '6', '3'),
('103', 'B&B Estancia Harberton', 'Ruta Complementaria 33, Ex-Ruta J', '-54.877832', '-67.328558', NULL, '4', '6', '1'),
('110', 'Hospedaje Noal', 'Rafael Obligado  557', '-53.789552', '-67.706023', 'https://suit.tur.ar/archivos/read/2014/mdc', '6', '6', '2'),
('113', 'Albergue Amanecer de la Bahía', 'Magallanes  594', '-54.803712', '-68.308434', 'https://suit.tur.ar/archivos/read/27/mdc', '1', '6', '1'),
('117', 'La Villa', 'Estancia María Behety; Ruta Compl.  5 (Ex-ruta "C") km 14', '-53.786722', '-67.947545', NULL, '7', '3', '2'),
('119', 'Maria Behety Lodge', 'Estancia María Behety; Ruta Compl.  5 (Ex-ruta "C") Km 17', '-53.787102', '-67.935443', NULL, '7', '2', '2'),
('120', 'Aurelia Lodge', 'Estancia Rosita; Ruta Compl.  8 (Ex-Ruta', '-54.021916', '-68.472143', NULL, '7', '2', '2'),
('122', 'Albergue Antarctica Hostel', 'Antártida Argentina  270', '-54.803840', '-68.300775', 'https://suit.tur.ar/archivos/read/349/mdc', '1', '6', '1'),
('123', 'San José Lodge', 'Estancia San José; Ruta Provincial Compl.  8 (Ex-ruta "B") Km 82', '-54.012120', '-68.570891', NULL, '7', '2', '2'),
('124', 'Villa María', 'Estancia José Menendez; Ruta Compl.  8 (Ex-ruta "B") Km 2', '-53.856793', '-67.783308', NULL, '7', '1', '2'),
('125', 'Toon Ken Lodge', 'Estancia San Julio; Ruta Compl.  5 (Ex-ruta C) Km 49', '0.000000', '0.000000', NULL, '7', '3', '2'),
('126', 'Kau-Tapen', 'Estancia La Retranca; Ruta Compl.  8 (Ex-ruta "B") Km 42', '-53.944734', '-68.477958', NULL, '7', '2', '2'),
('127', 'B&B Los Calafates', 'Monseñor Fagnano  456', '-54.805377', '-68.313177', 'https://suit.tur.ar/archivos/read/258/mdc', '4', '6', '1'),
('128', 'Albergue Yakush', 'Piedrabuena  118', '-54.808362', '-68.313326', 'https://suit.tur.ar/archivos/read/17/mdc', '1', '6', '1'),
('130', 'Hotel Villa', 'San Martín  281', '-53.788279', '-67.697504', 'https://suit.tur.ar/archivos/read/2067/mdc', '8', '1', '2'),
('133', 'Apart Hotel Arwen Mesheken', 'Salta  2451', '-54.809112', '-68.337177', 'https://suit.tur.ar/archivos/read/220/mdc', '2', '1', '1'),
('138', 'Cabañas Portal del Glaciar', 'Aldo Motter  2511', '-54.808393', '-68.344824', 'https://suit.tur.ar/archivos/read/1046/mdc', '3', '1', '1'),
('143', 'Hostería Foike', 'Gobernador Campos  1554', '-54.807995', '-68.321626', 'https://suit.tur.ar/archivos/read/384/mdc', '7', '2', '1'),
('144', 'Apart Hotel Cilene del Faro Suite & Spa', 'Yaganes 74', '-54.805073', '-68.298233', 'https://suit.tur.ar/archivos/read/209/mdc', '2', '3', '1'),
('145', 'B&B Galeazzi-Basily', 'Gobernador Valdéz  323', '-54.801285', '-68.305894', 'https://suit.tur.ar/archivos/read/241/mdc', '4', '6', '1'),
('146', 'B&B Tango', 'Gobernador Valdez 950', '-54.802742', '-68.314906', 'https://suit.tur.ar/archivos/read/256/mdc', '4', '6', '1'),
('148', 'Hostería Rosa de los Vientos', 'Roca  533', '-54.802331', '-68.306434', 'https://suit.tur.ar/archivos/read/445/mdc', '7', '3', '1'),
('149', 'Cabañas Onashin', 'Marcos Zar Norte 946 (esquina Provincia Grande)', '-54.811231', '-68.340159', 'https://suit.tur.ar/archivos/read/325/mdc', '3', '2', '1'),
('150', 'Hostería Tierra de Leyendas', 'Tierra de los Vientos  2448, Bº Tierra de Leyendas', '-54.832348', '-68.354948', 'https://suit.tur.ar/archivos/read/1333/mdc', '7', '3', '1'),
('151', 'Hostería Aonikenk', '25 de Mayo  576', '-54.803335', '-68.309856', 'https://suit.tur.ar/archivos/read/2584/mdc', '7', '1', '1'),
('152', 'Hostería Del Recodo', 'Del Recodo  2361', '-54.832073', '-68.352529', 'https://suit.tur.ar/archivos/read/464/mdc', '7', '3', '1'),
('154', 'B&B Aijpel', 'Vicente Canga  1837', '-54.807978', '-68.328518', 'https://suit.tur.ar/archivos/read/233/mdc', '4', '6', '1'),
('155', 'Cabañas Terra Incognita', 'De los Ñires 3260', '-54.839025', '-68.366273', 'https://suit.tur.ar/archivos/read/323/mdc', '3', '3', '1'),
('156', 'Apart Hotel Patagonia Sur', 'Hipólito Irigoyen  2031', '-54.827410', '-68.348989', 'https://suit.tur.ar/archivos/read/470/mdc', '2', '2', '1'),
('162', 'Hosteria Chalp', 'Alem 1839', '-54.805994', '-68.328518', 'https://suit.tur.ar/archivos/read/396/mdc', '7', '2', '1'),
('164', 'Hotel Los Cauquenes Resort & Spa', 'De la Ermita  3462, Bº Bahía Cauquén', '-54.841533', '-68.372249', 'https://suit.tur.ar/archivos/read/374/mdc', '8', '5', '1'),
('166', 'Cabañas Las Aguilas', 'Provincia Grande  519', '-54.814938', '-68.341500', 'https://suit.tur.ar/archivos/read/316/mdc', '3', '2', '1'),
('167', 'Hotel Lennox', 'San Martín   776', '-54.807415', '-68.308486', 'https://suit.tur.ar/archivos/read/108/mdc', '8', '3', '1'),
('172', 'Hostería Hostal De la Laguna', 'Las Lajas  1247', '-54.812692', '-68.344334', 'https://suit.tur.ar/archivos/read/388/mdc', '7', '1', '1'),
('173', 'Hosteria Via Rondine', 'Hipólito Irigoyen 797', '-54.826721', '-68.330589', 'https://suit.tur.ar/archivos/read/2596/mdc', '7', '3', '1'),
('176', 'Hotel Campanilla', 'Bº El Recodo; calle S/N  825', '-54.831313', '-68.352465', 'https://suit.tur.ar/archivos/read/5/mdc', '8', '1', '1'),
('177', 'Apart Hotel Chocon-cito', 'Marcos Zar 836', '-54.811406', '-68.338548', 'https://suit.tur.ar/archivos/read/216/mdc', '2', '3', '1'),
('180', 'Hotel Los Naranjos', 'San Martín  1446', '-54.809789', '-68.317735', 'https://suit.tur.ar/archivos/read/115/mdc', '8', '3', '1'),
('181', 'Hosteria Bella Vista', 'Cabo de Hornos  4018', '-54.821044', '-68.352884', 'https://suit.tur.ar/archivos/read/413/mdc', '7', '2', '1'),
('184', 'Apart Hotel Los Pinos', 'Magallanes 1519', '-54.805874', '-68.321081', NULL, '2', '1', '1'),
('185', 'Cabañas Del Hain', 'Tierra de Vientos 2526', '-54.832524', '-68.356424', 'https://suit.tur.ar/archivos/read/486/mdc', '3', '2', '1'),
('186', 'Hostería Kaikén', 'Ruta Nacional  3 Km 2958', '-54.553795', '-67.226214', 'https://suit.tur.ar/archivos/read/1313/mdc', '7', '3', '3'),
('191', 'Cabañas Utaka', 'Goleta Florencia 1686', '-54.811141', '-68.322828', 'https://suit.tur.ar/archivos/read/2602/mdc', '3', '2', '1'),
('197', 'B&B As Nancy', 'Vicente Canga 1891', '-54.808131', '-68.329231', 'https://suit.tur.ar/archivos/read/477/mdc', '4', '6', '1'),
('199', 'Hotel Los Acebos Ushuaia Hotel', 'Luis Martial  1911', '-54.805932', '-68.352465', 'https://suit.tur.ar/archivos/read/1446/mdc', '8', '4', '1'),
('202', 'Hotel Mil810 Ushuaia Hotel', '25 de Mayo 245', '-54.805632', '-68.307252', 'https://suit.tur.ar/archivos/read/8/mdc', '8', '3', '1'),
('203', 'Hotel Fueguino Hotel Patagonico', 'Gobernador Deloqui 1282', '-54.808377', '-68.316214', 'https://suit.tur.ar/archivos/read/2608/mdc', '8', '4', '1'),
('204', 'Hotel Altos Ushuaia', 'Luis Martial 1441', '-54.808554', '-68.346028', 'https://suit.tur.ar/archivos/read/91/mdc', '8', '3', '1'),
('206', 'Hotel Austral', '9 de Julio 250', '-54.806347', '-68.310221', 'https://suit.tur.ar/archivos/read/80/mdc', '8', '1', '1'),
('207', 'Hostería Ailen', 'Av. Alem 3981', '-54.820860', '-68.351663', 'https://suit.tur.ar/archivos/read/2255/mdc', '7', '1', '1'),
('208', 'Hotel Tierra del Fuego', 'Gobernador Deloqui 198', '-54.804693', '-68.301457', 'https://suit.tur.ar/archivos/read/457/mdc', '8', '4', '1'),
('211', 'Hostería Les Eclaireurs', 'Staiyakin 2676', '-54.812032', '-68.343093', 'https://suit.tur.ar/archivos/read/419/mdc', '7', '3', '1'),
('214', 'Hospedaje Yawar', 'Viedma 230', '-53.772960', '-67.709869', NULL, '6', '6', '2'),
('215', 'Hotel Antártida Argentina', 'Rivadavia  172', '-54.804949', '-68.301535', 'https://suit.tur.ar/archivos/read/74/mdc', '8', '1', '1'),
('216', 'Hotel Alto Andino', 'Gobernador Paz 868', '-54.806187', '-68.311016', 'https://suit.tur.ar/archivos/read/66/mdc', '8', '3', '1'),
('217', 'Apart Hotel Patagonia', 'San Lorenzo 80', '-53.785219', '-67.724271', 'https://suit.tur.ar/archivos/read/2066/mdc', '2', '1', '2'),
('218', 'Hotel Status Hotel Casino', 'Av. San Martin 268', '-53.788077', '-67.696673', 'https://suit.tur.ar/archivos/read/2068/mdc', '8', '4', '2'),
('219', 'Hostería Valle Frío', 'Hipólito Bouchard 310', '-54.801995', '-68.305298', 'https://suit.tur.ar/archivos/read/465/mdc', '7', '3', '1'),
('220', 'Cabañas Posada de las Flores', 'De las Cabañas 365', '-54.532515', '-67.199266', 'https://suit.tur.ar/archivos/read/1371/mdc', '3', '1', '3'),
('221', 'Albergue Violeta de la Montaña', 'Belgrano 236', '-54.807771', '-68.315354', 'https://suit.tur.ar/archivos/read/149/mdc', '1', '6', '1'),
('223', 'Cabañas Los Cauquenes Ushuaia', 'De la Ermita  3462, Bº bahía Cauquén', '-54.841718', '-68.369084', 'https://suit.tur.ar/archivos/read/2607/mdc', '3', '1', '1'),
('224', 'Hotel Costa Ushuaia', 'Sin nombre 1821, Secc. J, Macizo 34, Parcela 6', '-54.834561', '-68.346355', 'https://suit.tur.ar/archivos/read/122/mdc', '8', '3', '1'),
('225', 'Hospedaje Posada del Pinguino', 'Gob. Deloqui  648', '-54.806191', '-68.307496', 'https://suit.tur.ar/archivos/read/352/mdc', '6', '6', '1'),
('227', 'Hosteria Rutalsur', 'Gobernador Campos 1656', '-54.522239', '-67.197303', NULL, '7', '3', '3'),
('228', 'Hostería Sur 54 Lodge', 'Ruta Provincial  119 Km 20', '-54.599712', '-68.030807', NULL, '7', '3', '1'),
('229', 'Hotel Huemul', 'Echelaine 607', '-53.787699', '-67.740357', 'https://suit.tur.ar/archivos/read/44/mdc', '8', '1', '2'),
('230', 'Hostería Mi Vida', 'Terra Australis  902', '-54.834768', '-68.348420', 'https://suit.tur.ar/archivos/read/166/mdc', '7', '3', '1'),
('235', 'Hotel Arakur', 'Héroes de Malvinas 2671', '-54.782968', '-68.259336', 'https://suit.tur.ar/archivos/read/1022/mdc', '8', '5', '1'),
('236', 'Hostería Posada Don Fiori', 'Elcano 507', '-53.786151', '-67.693410', 'https://suit.tur.ar/archivos/read/2069/mdc', '7', '2', '2'),
('237', 'B&B Cerro Krund', 'Rafaela Ishton 791', '-54.825679', '-68.331077', 'https://suit.tur.ar/archivos/read/1121/mdc', '4', '6', '1'),
('238', 'B&B Isla Bella', 'Gobernador Gomez 618', '-54.800680', '-68.311552', NULL, '4', '6', '1'),
('239', 'Apart Hotel Los Arboles', 'Padre José Beauvoir 1582', '-54.807261', '-68.322444', 'https://suit.tur.ar/archivos/read/1334/mdc', '2', '3', '1'),
('240', 'Apart Hotel Links', 'Jose Hernández 1353', '-53.789434', '-67.724458', NULL, '2', '1', '2'),
('242', 'Casa de alquiler temporario (CAT) o Departamento de alquiler temporario (DAT) Edificio La Vela', 'Gobernador Deloqui  849', '-54.806811', '-68.310361', NULL, '9', '6', '1'),
('243', 'Albergue El Arroyito', 'Staiyakin 2619', '-54.812604', '-68.343477', 'https://suit.tur.ar/archivos/read/1356/mdc', '1', '6', '1'),
('244', 'Casa de alquiler temporario (CAT) o Departamento de alquiler temporario (DAT) Casa Ussina', 'Lapataia 192', '-54.818224', '-68.338102', 'https://suit.tur.ar/archivos/read/1362/mdc', '9', '6', '1'),
('245', 'Casa de alquiler temporario (CAT) o Departamento de alquiler temporario (DAT) Toluken Apartamentos', 'Juana Fadul 118, Dptos 3A, 3B, 3C', '-54.807039', '-68.307800', NULL, '9', '6', '1'),
('246', 'Casa de alquiler temporario (CAT) o Departamento de alquiler temporario (DAT) Jainen', 'Jainen 152, Planta Alta', '-54.815708', '-68.325249', NULL, '9', '6', '1'),
('247', 'Casa de alquiler temporario (CAT) o Departamento de alquiler temporario (DAT) Selknam', 'Av. L. N. Além 2592', '-54.809821', '-68.339360', 'https://suit.tur.ar/archivos/read/2293/mdc', '9', '6', '1'),
('248', 'Hostería Kupanaka', 'Gobernador Paz 1410', '-54.808205', '-68.318384', 'https://suit.tur.ar/archivos/read/1421/mdc', '7', '1', '1'),
('249', 'Casa de alquiler temporario (CAT) o Departamento de alquiler temporario (DAT) De las Barrancas', 'De las Barrancas 860', '-54.830594', '-68.347631', 'https://suit.tur.ar/archivos/read/1422/mdc', '9', '6', '1'),
('250', 'Casa de alquiler temporario (CAT) o Departamento de alquiler temporario (DAT) Riviera Fueguina Apartments II', '25 de Mayo 395, Planta Alta, dptos 1 y 2', '-54.804519', '-68.308026', 'https://suit.tur.ar/archivos/read/1427/mdc', '9', '6', '1'),
('251', 'B&B Lo de Momo', 'Antártida Argentina 133', '-54.804810', '-68.299830', 'https://suit.tur.ar/archivos/read/1444/mdc', '4', '6', '1'),
('252', 'B&B Davluc', 'Marcos Zar Sur 778', '-54.826204', '-68.329429', 'https://suit.tur.ar/archivos/read/1440/mdc', '4', '6', '1'),
('253', 'Casa de alquiler temporario (CAT) o Departamento de alquiler temporario (DAT) La Comarca Apart', 'Héroes de Malvinas 1451, dpto 4 y 11', '-54.792657', '-68.283479', 'https://suit.tur.ar/archivos/read/1453/mdc', '9', '6', '1'),
('254', 'Casa de alquiler temporario (CAT) o Departamento de alquiler temporario (DAT) Ukurj', 'Juan Manuel de Rosas 361', '-54.805760', '-68.311721', 'https://suit.tur.ar/archivos/read/1582/mdc', '9', '6', '1'),
('255', 'Casa de alquiler temporario (CAT) o Departamento de alquiler temporario (DAT) Riviera Fueguina Apartments', '25 de Mayo 323, 1° (Dpto A, B), 2° (Dpto A, B), 3° (Dpto A, B)', '-54.805719', '-68.307043', 'https://suit.tur.ar/archivos/read/1612/mdc', '9', '6', '1'),
('256', 'Casa de alquiler temporario (CAT) o Departamento de alquiler temporario (DAT) Casa Valdez', 'Gobernador Valdez 840', '-54.802296', '-68.313325', 'https://suit.tur.ar/archivos/read/1735/mdc', '9', '6', '1'),
('257', 'Casa de alquiler temporario (CAT) o Departamento de alquiler temporario (DAT) Amanecer Fueguino', 'Gobernador Paz 135, Piso 2°, Dpto I', '-54.803613', '-68.301467', 'https://suit.tur.ar/archivos/read/1619/mdc', '9', '6', '1'),
('258', 'Casa de alquiler temporario (CAT) o Departamento de alquiler temporario (DAT) Mirador', 'Gobernador Gomez 897', '-54.801994', '-68.314638', 'https://suit.tur.ar/archivos/read/1633/mdc', '9', '6', '1'),
('259', 'Casa de alquiler temporario (CAT) o Departamento de alquiler temporario (DAT) Meridiano68', 'Gobernador Gomez 520', '-54.800442', '-68.310356', 'https://suit.tur.ar/archivos/read/1728/mdc', '9', '6', '1'),
('260', 'Casa de alquiler temporario (CAT) o Departamento de alquiler temporario (DAT) Lo de Gaston', 'Gobernador Deloqui 1419, 3°Piso, Dpto ''A'', ''B'', ''C'', ''D''', '-54.806937', '-68.310415', 'https://suit.tur.ar/archivos/read/1749/mdc', '9', '6', '1'),
('261', 'Cabañas Altos de Tolhuin', 'S/nombre 291', '-54.525020', '-67.225101', 'https://suit.tur.ar/archivos/read/1810/mdc', '3', '2', '3'),
('262', 'Albergue Kau-Karskam', 'Minkyol Francisco 217', '-54.507728', '-67.196986', 'https://suit.tur.ar/archivos/read/1848/mdc', '1', '6', '3'),
('263', 'Casa de alquiler temporario (CAT) o Departamento de alquiler temporario (DAT) MLH 1 Departamentos', 'Gobernador Paz 135, 1°Piso dpto A y 4°Piso dpto C', '-54.803613', '-68.301467', 'https://suit.tur.ar/archivos/read/1804/mdc', '9', '6', '1'),
('264', 'B&B Las Margaritas 430', 'Las Margaritas 430', '-54.797124', '-68.311351', 'https://suit.tur.ar/archivos/read/1919/mdc', '4', '6', '1'),
('265', 'Casa de alquiler temporario (CAT) o Departamento de alquiler temporario (DAT) Esmeralda', 'Elcano 40, Piso 2°, Dpto A', '-54.807037', '-68.321943', 'https://suit.tur.ar/archivos/read/1833/mdc', '9', '6', '1'),
('266', 'Casa de alquiler temporario (CAT) o Departamento de alquiler temporario (DAT) Amaneceres del Beagle', 'Goleta Florencia 523, Piso 3°, Dpto A', '-54.810828', '-68.323226', 'https://suit.tur.ar/archivos/read/1832/mdc', '9', '6', '1'),
('267', 'Albergue Oshovia Hostel', 'Primer Argentino 127', '-54.818478', '-68.333648', 'https://suit.tur.ar/archivos/read/1850/mdc', '1', '6', '1'),
('268', 'B&B Laguna Esmeralda', 'Leopoldo Lugones 1945', '-54.813480', '-68.325294', 'https://suit.tur.ar/archivos/read/1860/mdc', '4', '6', '1'),
('269', 'Casa de alquiler temporario (CAT) o Departamento de alquiler temporario (DAT) Gente del Sur', '25 de Mayo 390, 2°Piso, Dpto 201, 202, 203', '-54.804682', '-68.308107', NULL, '9', '6', '1'),
('270', 'Casa de alquiler temporario (CAT) o Departamento de alquiler temporario (DAT) Lo de Moli', 'Onas 227, 4° Piso, Dpto E', '-54.808753', '-68.319105', NULL, '9', '6', '1'),
('271', 'Casa de alquiler temporario (CAT) o Departamento de alquiler temporario (DAT) Lo de Moli', 'Antártida Argentina 157, 2°Piso dpto C, 3°piso dpto B y 5°piso dpto A', '-54.802843', '-68.301646', NULL, '9', '6', '1'),
('272', 'Apart Hotel Balcones del Beagle Apart', 'Av. Perito Moreno 2131', '-54.797280', '-68.270223', 'https://suit.tur.ar/archivos/read/1883/mdc', '2', '3', '1'),
('273', 'Casa de alquiler temporario (CAT) o Departamento de alquiler temporario (DAT) Luna Azul', 'Gobernador Paz 1566', '-54.808933', '-68.321756', 'https://suit.tur.ar/archivos/read/1894/mdc', '9', '6', '1'),
('274', 'Casa de alquiler temporario (CAT) o Departamento de alquiler temporario (DAT) Diente de León', 'Yowen 1507', '-54.802656', '-68.324061', 'https://suit.tur.ar/archivos/read/1915/mdc', '9', '6', '1'),
('275', 'Casa de alquiler temporario (CAT) o Departamento de alquiler temporario (DAT) Edificio Tower', 'Rivadavia 130, 1° Piso dpto 101, 3°Piso dpto 303, 4°Piso dpto 403', '-54.805103', '-68.301440', NULL, '9', '6', '1'),
('276', 'Casa de alquiler temporario (CAT) o Departamento de alquiler temporario (DAT) Departamento Antártida', 'Antártida Argentina 157, 4° piso, dpto A', '-54.804628', '-68.299957', 'https://suit.tur.ar/archivos/read/1905/mdc', '9', '6', '1'),
('277', 'Cabañas Refugio Corazón Fueguino', 'Estancia Carmen', '-54.397344', '-67.888899', 'https://suit.tur.ar/archivos/read/2418/mdc', '3', '1', '3'),
('278', 'B&B Refugio Corazón Fueguino', 'Estancia Carmen', '-54.397344', '-67.888899', 'https://suit.tur.ar/archivos/read/1908/mdc', '4', '6', '3'),
('279', 'Casa de Alquiler Temporario (CAT) Departamento de Alquiler Temporario (DAT) Departamento Río Grande', 'Lasalle 2233', '-53.792798', '-67.727442', NULL, '9', '6', '2'),
('280', 'Casa de alquiler temporario (CAT) o Departamento de alquiler temporario (DAT) MQ Patagonia Departamentos', '25 de Mayo 390, 1°piso, dpto A, B y C', '-54.804633', '-68.308220', 'https://suit.tur.ar/archivos/read/1946/mdc', '9', '6', '1'),
('281', 'Casa de alquiler temporario (CAT) o Departamento de alquiler temporario (DAT) Prado 1', 'Gobernador Deloqui 1559, P.B., Depto 19', '-54.809078', '-68.320648', 'https://suit.tur.ar/archivos/read/1961/mdc', '9', '6', '1'),
('282', 'Casa de alquiler temporario (CAT) o Departamento de alquiler temporario (DAT) Los Confines apartamentos', 'Hipolito Yrigoyen 1925, depto 1 y 2', '-54.827332', '-68.352459', 'https://suit.tur.ar/archivos/read/2086/mdc', '9', '6', '1'),
('283', 'Casa de alquiler temporario (CAT) o Departamento de alquiler temporario (DAT) Encanto Apart', 'Av. L. N. Além 2562', '-54.809557', '-68.338986', NULL, '9', '6', '1'),
('285', 'Cabañas Dolly', 'Antonio Livacic 827', '-54.505130', '-67.203333', 'https://suit.tur.ar/archivos/read/2161/mdc', '3', '2', '3'),
('286', 'Cabañas Los Nietos', 'Zenone 70', '-54.515134', '-67.193587', NULL, '3', '1', '3'),
('287', 'Casa de alquiler temporario (CAT) o Departamento de alquiler temporario (DAT) Disfrutando Sur', 'Leopoldo Lugones 1955, 1°piso dpto C', '-54.813551', '-68.325677', 'https://suit.tur.ar/archivos/read/2222/mdc', '9', '6', '1'),
('288', 'Casa de alquiler temporario (CAT) o Departamento de alquiler temporario (DAT) Patagonia Apartment Lugones 1 y 2', 'Leopoldo Lugones 1953, 2°piso dptos B y C', '-54.813536', '-68.325593', 'https://suit.tur.ar/archivos/read/2213/mdc', '9', '6', '1'),
('289', 'Casa de alquiler temporario (CAT) o Departamento de alquiler temporario (DAT) Tres Fueguinos', 'Antártida Argentina 157, 5° piso, dpto B', '-54.804628', '-68.299957', 'https://suit.tur.ar/archivos/read/2230/mdc', '9', '6', '1'),
('290', 'Casa de alquiler temporario (CAT) o Departamento de alquiler temporario (DAT) Departamentos JDG', '12 de Octubre 305, 3°piso dpto 12', '-54.815198', '-68.328761', NULL, '9', '6', '1'),
('291', 'Casa de alquiler temporario (CAT) o Departamento de alquiler temporario (DAT) Ushuaia Word End', 'Mendoza 2288', '-54.807039', '-68.336477', NULL, '9', '6', '1'),
('292', 'B&B Vuelta al Mundo', 'Marcos Zar sur 622', '-54.822921', '-68.328797', 'https://suit.tur.ar/archivos/read/2250/mdc', '4', '6', '1'),
('293', 'Casa de alquiler temporario (CAT) o Departamento de alquiler temporario (DAT) El Atelier de Elina', '12 de Octubre 305, 4°piso dpto 12', '-54.815198', '-68.328761', 'https://suit.tur.ar/archivos/read/2548/mdc', '9', '6', '1'),
('294', 'Casa de alquiler temporario (CAT) o Departamento de alquiler temporario (DAT) La Fe', 'Padre Federico Torre 1589', '-54.806650', '-68.322513', 'https://suit.tur.ar/archivos/read/2307/mdc', '9', '6', '1'),
('295', 'Casa de alquiler temporario (CAT) o Departamento de alquiler temporario (DAT) Godoy I', 'Gobernador Godoy 221, 3°piso, depto A', '-54.804773', '-68.302935', 'https://suit.tur.ar/archivos/read/2309/mdc', '9', '6', '1'),
('296', 'Casa de alquiler temporario (CAT) o Departamento de alquiler temporario (DAT) Belgrano R', 'Belgrano 469, 3°piso, dpto D', '-54.806011', '-68.316455', NULL, '9', '6', '1'),
('297', 'Casa de alquiler temporario (CAT) o Departamento de alquiler temporario (DAT) Pirca Ushuaia', 'Aldo Motter 863, dpto 2', '-54.808189', '-68.331978', 'https://suit.tur.ar/archivos/read/2320/mdc', '9', '6', '1'),
('298', 'Casa de alquiler temporario (CAT) o Departamento de alquiler temporario (DAT) Bahía Cambaceres', 'Bahía Cambaceres 193', '-54.790295', '-68.243216', 'https://suit.tur.ar/archivos/read/2328/mdc', '9', '6', '1'),
('299', 'Casa de alquiler temporario (CAT) o Departamento de alquiler temporario (DAT) Tierra Indómita', 'Av. Leandro N. Alem 256', '-54.799016', '-68.305413', NULL, '9', '6', '1'),
('300', 'Casa de alquiler temporario (CAT) o Departamento de alquiler temporario (DAT) Aires del Beagle Apartment', '17 de mayo 616', '-54.800908', '-68.302825', NULL, '9', '6', '1'),
('301', 'Casa de alquiler temporario (CAT) o Departamento de alquiler temporario (DAT) Ona Shelter', 'Gobernador Deloqui 1419, 2°Piso, dpto D y 4°Piso, dpto D', '0.000000', '0.000000', NULL, '9', '6', '1'),
('302', 'Hotel Vitalia', 'Gobernador Paz 555', '-54.804955', '-68.306912', 'https://suit.tur.ar/archivos/read/2365/mdc', '8', '2', '1'),
('304', 'Casa de alquiler temporario (CAT) o Departamento de alquiler temporario (DAT) Sueño blanco', '12 de Octubre 305, 2°piso - dpto 7', '-54.815198', '-68.328761', 'https://suit.tur.ar/archivos/read/2372/mdc', '9', '6', '1'),
('305', 'Casa de alquiler temporario (CAT) o Departamento de alquiler temporario (DAT) Patagonia Financial Services', 'Aldo Motter 2660, 3°piso - dpto 302', '-54.808503', '-68.343336', NULL, '9', '6', '1'),
('306', 'Casa de alquiler temporario (CAT) o Departamento de alquiler temporario (DAT) Polo Sur Apartamentos', 'Onas 55, 3°piso (dpto 308 y 309) y 5°piso, dpto 502', '-54.810118', '-68.318198', NULL, '9', '6', '1'),
('307', 'Casa de alquiler temporario (CAT) o Departamento de alquiler temporario (DAT) Mi lugar especial', 'Gobernador Paz 2024, 2°piso, dpto D', '-54.811542', '-68.327855', NULL, '9', '6', '1'),
('308', 'Albergue Yaghan', 'Gobernador Deloqui 750', '-54.806587', '-68.309042', 'https://suit.tur.ar/archivos/read/2387/mdc', '1', '6', '1'),
('309', 'Casa de alquiler temporario (CAT) o Departamento de alquiler temporario (DAT) Infinity Plaza', 'Olegario Andrade 526, PB dpto A y 1°piso, dpto B', '-54.811731', '-68.325208', NULL, '9', '6', '1'),
('310', 'Casa de alquiler temporario (CAT) o Departamento de alquiler temporario (DAT) Bien al Sur Apartamento', '12 de Octubre 305, 3°piso - dpto 7', '-54.815198', '-68.328761', 'https://suit.tur.ar/archivos/read/2401/mdc', '9', '6', '1'),
('311', 'Casa de alquiler temporario (CAT) o Departamento de alquiler temporario (DAT) Agropecuaria Aconcagua', 'Aldo Motter 2660, 1°piso - dpto 103, UF 7 y 2°piso, dpto 202, UF 12', '-54.807579', '-68.337727', NULL, '9', '6', '1'),
('313', 'Departamento Valdez', 'Antártida Argentina 157, 4° piso, dpto B', '-54.804628', '-68.299957', NULL, '9', '6', '1'),
('314', 'Casa de alquiler temporario (CAT) o Departamento de alquiler temporario (DAT) Morada de los Legui', 'Pasaje del Indio 648', '0.000000', '0.000000', 'https://suit.tur.ar/archivos/read/2407/mdc', '9', '6', '1'),
('315', 'Casa de alquiler temporario (CAT) o Departamento de alquiler temporario (DAT) Residencias en San Martín', 'San Martín 1251, 1° piso, dpto C', '0.000000', '0.000000', 'https://suit.tur.ar/archivos/read/2440/mdc', '9', '6', '1'),
('316', 'Casa de alquiler temporario (CAT) o Departamento de alquiler temporario (DAT) Notros', 'Los Ñires 2280, P.B., dpto 4', '0.000000', '0.000000', NULL, '9', '6', '1'),
('317', 'Casa de alquiler temporario (CAT) o Departamento de alquiler temporario (DAT) Rincón del Beagle', 'Gobernador Paz 135, Piso 4°, Dpto B', '0.000000', '0.000000', 'https://suit.tur.ar/archivos/read/2443/mdc', '9', '6', '1'),
('318', 'Casa de alquiler temporario (CAT) o Departamento de alquiler temporario (DAT) Departamento Terrazas del Beagle', 'calle sin nombre 985', '0.000000', '0.000000', 'https://suit.tur.ar/archivos/read/2461/mdc', '9', '6', '1'),
('319', 'Casa de alquiler temporario (CAT) o Departamento de alquiler temporario (DAT) Los Canelos', 'Gobernador Campos 1528', '0.000000', '0.000000', 'https://suit.tur.ar/archivos/read/2467/mdc', '9', '6', '1'),
('320', 'Casa de alquiler temporario (CAT) o Departamento de alquiler temporario (DAT) Aires del Sur', 'Hol Hol 1558, P.B. A', '0.000000', '0.000000', 'https://suit.tur.ar/archivos/read/2476/mdc', '9', '6', '1'),
('321', 'Casa de alquiler temporario (CAT) o Departamento de alquiler temporario (DAT) Magallanes Flat', 'Av. Magallanes 296, 1°piso, dpto B', '0.000000', '0.000000', 'https://suit.tur.ar/archivos/read/2506/mdc', '9', '6', '1'),
('322', 'Casa de alquiler temporario (CAT) o Departamento de alquiler temporario (DAT) Departamentos Ejecutivos Fin del Mundo', 'Las Prímulas 380', '0.000000', '0.000000', 'https://suit.tur.ar/archivos/read/2510/mdc', '9', '6', '1'),
('323', 'Hostería Auroras de Fuego', 'Facundo Quiroga 1162', '0.000000', '0.000000', 'https://suit.tur.ar/archivos/read/2517/mdc', '7', '1', '1'),
('324', 'Hotel Wyndham Garden Ushuaia Hotel del Glaciar', 'Luis F. Martial 2355', '-54.804994', '-68.356784', 'https://suit.tur.ar/archivos/read/2605/mdc', '8', '4', '1'),
('325', 'Departamento Antártida II', 'Yaganes 452, 2°piso, dpto 2', '0.000000', '0.000000', 'https://suit.tur.ar/archivos/read/2537/mdc', '9', '6', '1'),
('326', 'Hostería Mirador del Beagle', 'Isla Redonda 833', '0.000000', '0.000000', NULL, '7', '1', '1'),
('327', 'Casa de alquiler temporario (CAT) o Departamento de alquiler temporario (DAT) María Gricelda', 'Perón Sur 136, 1°piso dpto 1,2 y 3, 2°piso dpto 4,5 y 6', '0.000000', '0.000000', 'https://suit.tur.ar/archivos/read/2541/mdc', '9', '6', '1'),
('328', 'Hotel De Los Andes', 'San Martin 753', '0.000000', '0.000000', 'https://suit.tur.ar/archivos/read/2564/mdc', '8', '2', '1'),
('329', 'Casa de alquiler temporario (CAT) o Departamento de alquiler temporario (DAT) Yeska', '25 de Mayo 328, dpto A y B', '0.000000', '0.000000', 'https://suit.tur.ar/archivos/read/2575/mdc', '9', '6', '1'),
('330', 'Casa de alquiler temporario (CAT) o Departamento de alquiler temporario (DAT) Aires del Martial', '12 de Octubre 305, 1°piso dpto 11', '0.000000', '0.000000', 'https://suit.tur.ar/archivos/read/2577/mdc', '9', '6', '1');

INSERT INTO "public"."categorias" ("id", "estrellas", "valor") VALUES
('1', 'Una estrella', '1'),
('2', 'Dos estrellas', '2'),
('3', 'Tres estrellas', '3'),
('4', 'Cuatro estrellas', '4'),
('5', 'Cinco estrellas', '5'),
('6', 'Categoría única', '0');

INSERT INTO "public"."clasificaciones" ("id", "nombre") VALUES
('1', 'Albergue turístico'),
('2', 'Apart hotel'),
('3', 'Cabaña'),
('4', 'Cama y desayuno (B&B)'),
('5', 'Camping'),
('6', 'Hospedaje'),
('7', 'Hostería'),
('8', 'Hotel'),
('9', 'Alquiler temporario');

INSERT INTO "public"."especialidad_gastronomico" ("id", "gastronomico_id", "especialidad_id") VALUES
('1', '1', '13'),
('2', '2', '10'),
('3', '2', '8'),
('4', '2', '9'),
('5', '2', '11'),
('6', '2', '13'),
('7', '4', '10'),
('8', '4', '8'),
('9', '4', '9'),
('10', '4', '11'),
('11', '4', '13'),
('12', '5', '10'),
('13', '5', '8'),
('14', '5', '13'),
('15', '6', '10'),
('16', '6', '11'),
('17', '6', '13'),
('18', '6', '12'),
('19', '6', '14'),
('20', '185', '17'),
('21', '186', '17'),
('22', '70', '13'),
('23', '93', '13'),
('24', '7', '8'),
('25', '7', '13'),
('26', '71', '13'),
('27', '71', '14'),
('28', '10', '13'),
('29', '10', '14'),
('30', '141', '13'),
('31', '79', '13'),
('32', '9', '10'),
('33', '9', '9'),
('34', '9', '11'),
('35', '9', '13'),
('36', '9', '12'),
('37', '66', '13'),
('38', '67', '13'),
('39', '16', '8'),
('40', '16', '13'),
('41', '16', '12'),
('42', '121', '8'),
('43', '121', '13'),
('44', '121', '14'),
('45', '100', '8'),
('46', '100', '9'),
('47', '100', '12'),
('48', '100', '14'),
('49', '223', '10'),
('50', '223', '9'),
('51', '223', '11'),
('52', '223', '12'),
('53', '11', '10'),
('54', '11', '8'),
('55', '11', '9'),
('56', '11', '11'),
('57', '12', '10'),
('58', '12', '9'),
('59', '12', '11'),
('60', '12', '13'),
('61', '12', '12'),
('62', '89', '10'),
('63', '89', '9'),
('64', '89', '11'),
('65', '89', '12'),
('66', '229', '25'),
('67', '227', '25'),
('68', '228', '25'),
('69', '82', '25'),
('70', '73', '25'),
('71', '15', '8'),
('72', '15', '13'),
('73', '14', '8'),
('74', '14', '13'),
('75', '116', '13'),
('76', '98', '13'),
('77', '88', '8'),
('78', '88', '13'),
('79', '164', '13'),
('80', '75', '13'),
('81', '76', '20'),
('82', '76', '24'),
('83', '76', '18'),
('84', '76', '11'),
('85', '76', '22'),
('86', '76', '23'),
('87', '76', '14'),
('88', '152', '14'),
('89', '117', '13'),
('90', '57', '10'),
('91', '57', '11'),
('92', '57', '13'),
('93', '57', '12'),
('94', '195', '13'),
('95', '17', '13'),
('96', '78', '13'),
('97', '18', '10'),
('98', '18', '9'),
('99', '18', '11'),
('100', '18', '12'),
('101', '134', '13'),
('102', '134', '12'),
('103', '178', '10'),
('104', '178', '9'),
('105', '178', '12'),
('106', '192', '17'),
('107', '8', '17'),
('108', '80', '13'),
('109', '111', '13'),
('110', '111', '12'),
('111', '111', '14'),
('112', '154', '13'),
('113', '226', '20'),
('114', '21', '8'),
('115', '21', '13'),
('116', '81', '13'),
('117', '106', '13'),
('118', '22', '10'),
('119', '22', '9'),
('120', '22', '11'),
('121', '22', '13'),
('122', '22', '12'),
('123', '22', '14'),
('124', '23', '10'),
('125', '23', '8'),
('126', '23', '11'),
('127', '23', '13'),
('128', '133', '13'),
('129', '25', '10'),
('130', '25', '8'),
('131', '25', '13'),
('132', '26', '10'),
('133', '26', '9'),
('134', '26', '11'),
('135', '26', '13'),
('136', '26', '12'),
('137', '26', '14'),
('138', '27', '10'),
('139', '27', '9'),
('140', '27', '11'),
('141', '27', '13'),
('142', '27', '12'),
('143', '27', '14'),
('144', '29', '13'),
('145', '30', '10'),
('146', '30', '9'),
('147', '30', '11'),
('148', '30', '12'),
('149', '31', '10'),
('150', '31', '9'),
('151', '31', '11'),
('152', '31', '12'),
('153', '32', '10'),
('154', '32', '9'),
('155', '32', '11'),
('156', '32', '14'),
('157', '59', '10'),
('158', '59', '8'),
('159', '59', '13'),
('160', '102', '10'),
('161', '102', '9'),
('162', '103', '10'),
('163', '103', '9'),
('164', '137', '13'),
('165', '233', '18'),
('166', '132', '13'),
('167', '83', '13'),
('168', '128', '8'),
('169', '128', '13'),
('170', '128', '12'),
('171', '110', '13'),
('172', '110', '12'),
('173', '95', '13'),
('174', '163', '13'),
('175', '125', '8'),
('176', '125', '13'),
('177', '125', '12'),
('178', '125', '14'),
('179', '37', '21'),
('180', '37', '19'),
('181', '37', '13'),
('182', '37', '14'),
('183', '38', '10'),
('184', '38', '9'),
('185', '38', '11'),
('186', '39', '8'),
('187', '39', '13'),
('188', '211', '18'),
('189', '214', '13'),
('190', '216', '22'),
('191', '213', '20'),
('192', '213', '19'),
('193', '217', '19'),
('194', '212', '9'),
('195', '13', '10'),
('196', '13', '8'),
('197', '13', '9'),
('198', '13', '11'),
('199', '13', '13'),
('200', '90', '13'),
('201', '65', '13'),
('202', '40', '10'),
('203', '40', '8'),
('204', '40', '9'),
('205', '40', '12'),
('206', '131', '13'),
('207', '131', '12'),
('208', '118', '10'),
('209', '118', '8'),
('210', '118', '13'),
('211', '118', '12'),
('212', '41', '8'),
('213', '41', '13'),
('214', '41', '14'),
('215', '42', '10'),
('216', '42', '8'),
('217', '42', '9'),
('218', '42', '13'),
('219', '42', '12'),
('220', '109', '13'),
('221', '123', '13'),
('222', '112', '8'),
('223', '112', '13'),
('224', '112', '12'),
('225', '130', '10'),
('226', '130', '12'),
('227', '68', '13'),
('228', '84', '8'),
('229', '84', '13'),
('230', '46', '10'),
('231', '46', '8'),
('232', '46', '9'),
('233', '46', '13'),
('234', '201', '8'),
('235', '199', '8'),
('236', '77', '20'),
('237', '232', '25'),
('238', '225', '21'),
('239', '225', '22'),
('240', '47', '10'),
('241', '47', '9'),
('242', '47', '13'),
('243', '113', '10'),
('244', '113', '8'),
('245', '113', '9'),
('246', '113', '13'),
('247', '113', '12'),
('248', '113', '14'),
('249', '69', '13'),
('250', '49', '10'),
('251', '49', '11'),
('252', '49', '13'),
('253', '49', '12'),
('254', '85', '13'),
('255', '36', '13'),
('256', '36', '14'),
('257', '51', '10'),
('258', '51', '9'),
('259', '51', '11'),
('260', '51', '12'),
('261', '52', '13'),
('262', '53', '10'),
('263', '53', '8'),
('264', '53', '12'),
('265', '230', '20'),
('266', '188', '14'),
('267', '56', '8'),
('268', '56', '13'),
('269', '127', '11'),
('270', '127', '13'),
('271', '127', '12'),
('272', '58', '10'),
('273', '58', '8'),
('274', '58', '9'),
('275', '58', '11'),
('276', '58', '13'),
('277', '86', '13'),
('278', '156', '13');

INSERT INTO "public"."especialidades" ("id", "nombre") VALUES
('8', 'Cordero - Parrilla'),
('9', 'Frutos de Mar'),
('10', 'Centolla'),
('11', 'Merluza negra'),
('12', 'Salmón, trucha y otros'),
('13', 'Pizza, pasta y minutas'),
('14', 'Vegetariano'),
('15', 'Menú para celíacos'),
('16', 'Comida mediterránea'),
('17', 'Heladería'),
('18', 'Fiambrería - Vinería - Salumería'),
('19', 'Fast Food'),
('20', 'Cerveza artesanal'),
('21', 'Cafetería'),
('22', 'Panadería'),
('23', 'Pastas caseras'),
('24', 'Cordero - guiso'),
('25', 'Chocolaterías');

INSERT INTO "public"."gastronomicos" ("id", "nombre", "domicilio", "lat", "lng", "foto", "localidad_id") VALUES
('1', '137 Pizza & Pasta', 'San Martín 137', '-54.805233', '-68.300207', 'https://suit.tur.ar/archivos/read/1140/mdc', '1'),
('2', '137 Restó (Hotel Canal Beagle)', 'Maipú 547', '-54.807393', '-68.305104', 'https://suit.tur.ar/archivos/read/890/mdc', '1'),
('4', 'Altos Restó (Hotel Altos Ushuaia)', 'Luis Martial 1441', '-54.804101', '-68.358328', 'https://suit.tur.ar/archivos/read/668/mdc', '1'),
('5', 'América (Hostería América)', 'Gob. Paz 1665', '-54.809252', '-68.323233', 'https://suit.tur.ar/archivos/read/1267/mdc', '1'),
('6', 'Andino Gourmet', '25 de Mayo 112', '-54.806716', '-68.306449', 'https://suit.tur.ar/archivos/read/675/mdc', '1'),
('7', 'Bamboo', 'San Martín 98', '-54.805125', '-68.299678', 'https://suit.tur.ar/archivos/read/1177/mdc', '1'),
('8', 'Gadget', 'San Martín 1256', '-54.809121', '-68.315242', 'https://suit.tur.ar/archivos/read/1708/mdc', '1'),
('9', 'Barcleit 1912', 'Juana Fadul 148', '-54.806774', '-68.308029', 'https://suit.tur.ar/archivos/read/1275/mdc', '1'),
('10', 'Bar de Pizzas', 'San martín 753', '-54.807314', '-68.308444', 'https://suit.tur.ar/archivos/read/686/mdc', '1'),
('11', 'Chez Manu', 'Luis Martial 2135', '-54.806719', '-68.352201', 'https://suit.tur.ar/archivos/read/857/mdc', '1'),
('12', 'Chicho´s', 'Rivadavia 72', '-54.805664', '-68.300866', 'https://suit.tur.ar/archivos/read/1245/mdc', '1'),
('13', 'Mi Kasa Bistró', 'Antártida Argentina 182', '-54.804472', '-68.300214', 'https://suit.tur.ar/archivos/read/1725/mdc', '1'),
('14', 'Costa Ushuaia ( Hotel Costa Ushuaia)', 'Costa de los Pájaros 1821', '-54.841793', '-68.368323', 'https://suit.tur.ar/archivos/read/1188/mdc', '1'),
('15', 'Christopher Grill & Cerveza', 'Maipú 828', '-54.808371', '-68.308853', 'https://suit.tur.ar/archivos/read/693/mdc', '1'),
('16', 'Bodegón Fueguino', 'San Martín 859', '-54.807672', '-68.309873', 'https://suit.tur.ar/archivos/read/1056/mdc', '1'),
('17', 'El Turco', 'San Martín 1410', '-54.809553', '-68.317239', 'https://suit.tur.ar/archivos/read/1130/mdc', '1'),
('18', 'El Viejo Marino', 'Maipú 227', '-54.806327', '-68.300785', 'https://suit.tur.ar/archivos/read/1105/mdc', '1'),
('21', 'Hostal del Bosque', 'Magallanes 709', '-54.804029', '-68.310283', 'https://suit.tur.ar/archivos/read/1192/mdc', '1'),
('22', 'Kalma Restó', 'Gob. Valdez 293', '-54.801431', '-68.305050', 'https://suit.tur.ar/archivos/read/1278/mdc', '1'),
('23', 'Kaupé', 'Roca 470', '-54.803249', '-68.305892', 'https://suit.tur.ar/archivos/read/713/mdc', '1'),
('25', 'Komenk (Hotel Fueguino)', 'Deloqui 1282', '-54.808349', '-68.316143', 'https://suit.tur.ar/archivos/read/716/mdc', '1'),
('26', 'Küar', 'Perito Moreno 2232', '-54.797499', '-68.269103', 'https://suit.tur.ar/archivos/read/867/mdc', '1'),
('27', 'Küar 1900', 'San Martín 471', '-54.806351', '-68.304681', 'https://suit.tur.ar/archivos/read/873/mdc', '1'),
('29', 'La Cabaña Casa de Té', 'Luis Martial 3560', '-54.804101', '-68.358328', 'https://suit.tur.ar/archivos/read/1153/mdc', '1'),
('30', 'La Cantina Fueguina de Freddy', 'San Martín 318', '-54.805859', '-68.302626', 'https://suit.tur.ar/archivos/read/981/mdc', '1'),
('31', 'La Casa de los Mariscos', 'San Martín 232', '-54.805566', '-68.301462', 'https://suit.tur.ar/archivos/read/1156/mdc', '1'),
('32', 'La Cravia (Hotel Arakur)', 'Héroes de Malvinas 2671', '-54.789026', '-68.267617', 'https://suit.tur.ar/archivos/read/1230/mdc', '1'),
('36', 'Thiara', 'Aeropuerto Internacional Ushuaia', '-54.826749', '-68.307626', 'https://suit.tur.ar/archivos/read/1165/mdc', '1'),
('37', 'Marcopolo Freelife', 'San Martín 746', '-54.807299', '-68.308291', 'https://suit.tur.ar/archivos/read/2413/mdc', '1'),
('38', 'María Lola Resto', 'Deloqui 1048', '-54.807579', '-68.312980', 'https://suit.tur.ar/archivos/read/1134/mdc', '1'),
('39', 'Martinica', 'San Martín 68', '-54.805012', '-68.299257', 'https://suit.tur.ar/archivos/read/1727/mdc', '1'),
('40', 'Moustacchio', 'San Martín 298', '-54.805792', '-68.302357', 'https://suit.tur.ar/archivos/read/574/mdc', '1'),
('41', 'Parrilla Casimiro Biguá', 'Maipú 395', '-54.806885', '-68.303123', 'https://suit.tur.ar/archivos/read/1228/mdc', '1'),
('42', 'Parrilla La Estancia', 'Gob. Godoy 155', '-54.805352', '-68.302705', 'https://suit.tur.ar/archivos/read/1159/mdc', '1'),
('46', 'Reinamora (Htl Los Cauquenes)', 'Reinamora 3462', '-54.842287', '-68.371499', 'https://suit.tur.ar/archivos/read/1095/mdc', '1'),
('47', 'Stadium (Ushuaia Shopping)', 'San Martín 788', '-54.807451', '-68.308897', 'https://suit.tur.ar/archivos/read/1044/mdc', '1'),
('49', 'Tante Sara', 'San Martín 701', '-54.807144', '-68.307764', 'https://suit.tur.ar/archivos/read/741/mdc', '1'),
('51', 'Tía Elvira', 'Maipú 349', '-54.806734', '-68.302471', 'https://suit.tur.ar/archivos/read/747/mdc', '1'),
('52', 'Tío Alberto (Htl Los Ñires)', 'Los Ñires 3040', '-54.841462', '-68.365881', 'https://suit.tur.ar/archivos/read/1218/mdc', '1'),
('53', 'Tolkeyén (Htl Tolkeyén)', 'Del Tolkeyén 2145', '-54.834045', '-68.349100', 'https://suit.tur.ar/archivos/read/513/mdc', '1'),
('56', 'Viagro', 'Roca 55', '-54.806473', '-68.303464', 'https://suit.tur.ar/archivos/read/1173/mdc', '1'),
('57', 'El Faro', 'San Martín 326', '-54.805886', '-68.302733', 'https://suit.tur.ar/archivos/read/991/mdc', '1'),
('58', 'Volver', 'Maipú 37', '-54.805668', '-68.298199', 'https://suit.tur.ar/archivos/read/891/mdc', '1'),
('59', 'La Marea', 'Costa de los Yámana 2850', '-54.837695', '-68.360698', 'https://suit.tur.ar/archivos/read/1254/mdc', '1'),
('60', 'Alakush', 'Parque Nacional Tierra del Fuego', '-54.843309', '-68.554086', 'https://suit.tur.ar/archivos/read/1196/mdc', '1'),
('65', 'Mostaza', 'Perito Moreno 1460', '-54.798405', '-68.279821', 'https://suit.tur.ar/archivos/read/1117/mdc', '1'),
('66', 'Beto''s Lomo', 'Perito Moreno 1460', '-54.798405', '-68.279821', 'https://suit.tur.ar/archivos/read/988/mdc', '1'),
('67', 'Blend Bar & Restó', 'Perito Moreno 1460 -', '-54.798405', '-68.279822', 'https://suit.tur.ar/archivos/read/990/mdc', '1'),
('68', 'Questa Pizza', 'Perito Moreno 1460', '-54.798405', '-68.279821', 'https://suit.tur.ar/archivos/read/1168/mdc', '1'),
('69', 'Subway', 'Perito Moreno 1460', '-54.798405', '-68.279821', 'https://suit.tur.ar/archivos/read/1170/mdc', '1'),
('70', 'Ave Caesar', 'Perito Moreno 1460', '-54.798405', '-68.279821', 'https://suit.tur.ar/archivos/read/989/mdc', '1'),
('71', 'Banana', 'San Martín 273', '-54.805686', '-68.302026', 'https://suit.tur.ar/archivos/read/1181/mdc', '1'),
('73', 'Chocolates del Turista', 'San Martín 215', '-54.805493', '-68.301262', 'https://suit.tur.ar/archivos/read/2294/mdc', '1'),
('75', 'Dublin Irish Pub', '9 de Julio 168', '-54.806973', '-68.309481', 'https://suit.tur.ar/archivos/read/1282/mdc', '1'),
('76', 'El Almacén de Ramos Generales', 'Maipú 749', '-54.808086', '-68.307816', 'https://suit.tur.ar/archivos/read/1039/mdc', '1'),
('77', 'Santos Cerveceria', 'Maipú 773', '-54.808165', '-68.308127', 'https://suit.tur.ar/archivos/read/1145/mdc', '1'),
('78', 'El Viejo Bar', 'Deloqui y 9 de Julio', '-54.806740', '-68.309651', 'https://suit.tur.ar/archivos/read/702/mdc', '1'),
('79', 'Bar Ideal', 'San Martín 393', '-54.806089', '-68.303637', 'https://suit.tur.ar/archivos/read/1149/mdc', '1'),
('80', 'Gélido', 'San Martín 1207', '-54.808861', '-68.314573', 'https://suit.tur.ar/archivos/read/1284/mdc', '1'),
('81', 'Ice bar Ushuaia', 'Godoy 64', '-54.806165', '-68.302073', 'https://suit.tur.ar/archivos/read/1684/mdc', '1'),
('82', 'Chocolateria Laguna Negra', 'San Martín 513', '-54.806495', '-68.305252', 'https://suit.tur.ar/archivos/read/1052/mdc', '1'),
('83', 'Latino', 'Walanika 140', '-54.818226', '-68.324240', 'https://suit.tur.ar/archivos/read/1289/mdc', '1'),
('84', 'Refugio de Montaña', 'Luis Martial 3995', '-54.804101', '-68.358328', 'https://suit.tur.ar/archivos/read/1225/mdc', '1'),
('85', 'Tante Sara Panadería', 'San Martín 175', '-54.805355', '-68.300702', 'https://suit.tur.ar/archivos/read/1206/mdc', '1'),
('86', 'Xpresso', 'Lasserre 108', '-54.806386', '-68.305104', 'https://suit.tur.ar/archivos/read/995/mdc', '1'),
('88', 'Dieguito Parrilla y Pizzería', 'Magallanes 967', '-54.804923', '-68.313726', 'https://suit.tur.ar/archivos/read/1272/mdc', '1'),
('89', 'Chiko Restoran', '25 de Mayo 64', '-54.807073', '-68.306167', 'https://suit.tur.ar/archivos/read/1142/mdc', '1'),
('90', 'Mia Pizza', 'Gob. Paz 747', '-54.805740', '-68.309575', 'https://suit.tur.ar/archivos/read/1233/mdc', '1'),
('93', 'Babiec@s', '12 de Octubre 169 - Dentro de supermercado Carrefour', '-54.801912', '-68.302951', 'https://suit.tur.ar/archivos/read/1718/mdc', '1'),
('94', 'Freddo', 'San Martín 209', '-54.805483', '-68.301172', 'https://suit.tur.ar/archivos/read/1174/mdc', '1'),
('95', 'Lobby Bar (Htl Arakur)', 'Heroes de Malvinas 2671', '-54.783960', '-68.260018', 'https://suit.tur.ar/archivos/read/1691/mdc', '1'),
('96', 'Ovejitas de la Patagonia / Freschezza Cafetería y Heladería', 'Antártida Argentina 87', '-54.805229', '-68.299603', 'https://suit.tur.ar/archivos/read/1210/mdc', '1'),
('98', 'Delicious Flavour', 'Lugones 1889', '-54.812834', '-68.323531', 'https://suit.tur.ar/archivos/read/1707/mdc', '1'),
('100', 'Casa Olmo', 'San Martín 87', '-54.805084', '-68.299523', 'https://suit.tur.ar/archivos/read/1268/mdc', '1'),
('102', 'La Mesita de Almanza', 'Puerto Almanza', '-54.866325', '-67.541145', NULL, '6'),
('103', 'La Sirena y el Capitán', 'Puerto Almanza', '-54.857730', '-67.510289', NULL, '6'),
('104', 'Oveja Verde', 'Puerto Almanza', '-54.858273', '-67.510332', NULL, '6'),
('105', 'Taberna del Viejo Lobo', 'San Martín 152 - 3º Piso', '-54.805293', '-68.300356', 'https://suit.tur.ar/archivos/read/1787/mdc', '1'),
('106', 'Junior B', 'Belgrano 15', '-54.809487', '-68.313867', 'https://suit.tur.ar/archivos/read/1687/mdc', '1'),
('108', 'X-presso', 'Perito Moreno 1460', '-54.798405', '-68.279822', 'https://suit.tur.ar/archivos/read/1726/mdc', '1'),
('109', 'Pizzeria Manija', 'Rubinos 130', '-54.818596', '-68.334787', 'https://suit.tur.ar/archivos/read/1713/mdc', '1'),
('110', 'Lo de Nené', 'Perito Moreno 828', '-53.785104', '-67.706609', 'https://suit.tur.ar/archivos/read/1996/mdc', '2'),
('111', 'Grande Hotel Restaurante', 'Echelaine 251', '-53.787614', '-67.740883', NULL, '2'),
('112', 'Posada de los Sauces', 'Elcano 839', '-53.779112', '-67.697769', NULL, '2'),
('113', 'Status Restaurante', 'Av. San Martin 268', '-53.788280', '-67.697236', NULL, '2'),
('116', 'De La Ostia Resto Bar', 'Beauvoir 455', '-53.794143', '-67.687320', 'https://suit.tur.ar/archivos/read/1974/mdc', '2'),
('117', 'El Duque', 'Av. San Martin 390', '-53.787442', '-67.698897', NULL, '2'),
('118', 'Nistro', '12 de Octubre 602', '-53.766959', '-67.708678', 'https://suit.tur.ar/archivos/read/1981/mdc', '2'),
('119', 'Café Martínez', 'Av. Belgrano 408', '-53.783375', '-67.698107', 'https://suit.tur.ar/archivos/read/1985/mdc', '2'),
('120', 'Chocolatería Mamá Flora', 'Av. Belgrano 1101', '-53.789209', '-67.706994', 'https://suit.tur.ar/archivos/read/1997/mdc', '2'),
('121', 'Café Lautaro', 'Av. San Martin 92', '-53.789661', '-67.694503', 'https://suit.tur.ar/archivos/read/2059/mdc', '2'),
('122', 'Mostaza', '11 de julio 795', '-53.791108', '-67.694444', 'https://suit.tur.ar/archivos/read/2064/mdc', '2'),
('123', 'Pope Pizza', 'Av. Belgrano 383', '-53.783028', '-67.698084', 'https://suit.tur.ar/archivos/read/1999/mdc', '2'),
('124', 'Ksa Nuova Bar Cultural', 'Viedma 788', '-53.769517', '-67.716798', NULL, '2'),
('125', 'Los Troncos', 'Islas Malvinas 998', '-53.782387', '-67.717527', 'https://suit.tur.ar/archivos/read/1977/mdc', '2'),
('126', 'IDEALLE', 'Av. Belgrano 443', '-53.783532', '-67.698798', NULL, '2'),
('127', 'Villa Restaurante', 'Av San Martin 281', '-53.788033', '-67.697155', NULL, '2'),
('128', 'Leymi', '25 de Mayo 1335', '-53.788143', '-67.715135', 'https://suit.tur.ar/archivos/read/1995/mdc', '2'),
('130', 'QRU Restaurante', 'Rosales 784', '-53.783501', '-67.703241', 'https://suit.tur.ar/archivos/read/2065/mdc', '2'),
('131', 'Narcizo', 'Espora 624', '-53.787296', '-67.696473', 'https://suit.tur.ar/archivos/read/1979/mdc', '2'),
('132', 'Las Medialunas de Bello', 'Ricardo Rojas 606', '-53.791442', '-67.691104', 'https://suit.tur.ar/archivos/read/2056/mdc', '2'),
('133', 'KLÖBBER', 'Ricardo Rojas 780', '-53.792376', '-67.691577', 'https://suit.tur.ar/archivos/read/1989/mdc', '2'),
('134', 'EPA Bar Café', 'Rosales 445', '-53.786059', '-67.698176', NULL, '2'),
('135', 'La Fueguina Café', '11 de julio 600', '-53.790325', '-67.693288', 'https://suit.tur.ar/archivos/read/2058/mdc', '2'),
('136', 'Bonafide', 'Piedrabuena 520', '-53.783468', '-67.701119', 'https://suit.tur.ar/archivos/read/1972/mdc', '2'),
('137', 'La Usina "Bar - Café"', 'San Martin esq Rivadavia', '-53.786512', '-67.700178', NULL, '2'),
('138', 'El Roca', 'Espora 643', '-53.787439', '-67.696741', 'https://suit.tur.ar/archivos/read/1969/mdc', '2'),
('139', 'Sonora', 'Perito  Moreno 705', '-53.785889', '-67.704805', 'https://suit.tur.ar/archivos/read/2001/mdc', '2'),
('140', 'Hard Rock café Ushuaia', 'San Martín 594', '-54.806777', '-68.306298', 'https://suit.tur.ar/archivos/read/1683/mdc', '1'),
('141', 'Bar de Pizzas (Hotel Las Lengas)', 'Goleta Florencia 1722', '-54.811310', '-68.323483', 'https://suit.tur.ar/archivos/read/1670/mdc', '1'),
('143', 'Arte Gastronómico Ushuaia', 'Fuegia Basket  465', '-54.819376', '-68.328678', 'https://suit.tur.ar/archivos/read/1669/mdc', '1'),
('144', 'Café Net', 'San Martin 272', '0.000000', '0.000000', NULL, NULL),
('146', 'El rincón del viejo', 'Almanza', '-54.855877', '-67.684020', NULL, '6'),
('147', 'Almacén del Celíaco', 'Magallanes 1633', '-54.806183', '-68.324166', 'https://suit.tur.ar/archivos/read/1651/mdc', '1'),
('149', 'Manjares del Beagle', 'Belgrano 43', '-54.809114', '-68.314023', 'https://suit.tur.ar/archivos/read/1721/mdc', '1'),
('150', 'Lo de Quique', 'Magallanes 2310', '-54.809445', '-68.334134', 'https://suit.tur.ar/archivos/read/1711/mdc', '1'),
('151', 'Dulce Fuego', 'Cabo de hornos 3815', '-54.818741', '-68.350446', NULL, '1'),
('152', 'El Bambu', 'Piedrabuena 276', '-54.807223', '-68.314206', 'https://suit.tur.ar/archivos/read/1723/mdc', '1'),
('153', 'El Parador Ushuaia', 'Tte. Gral Juan Domingo Peron 164', '-54.818389', '-68.336537', 'https://suit.tur.ar/archivos/read/1716/mdc', '1'),
('154', 'Hiperturco', 'Peron norte 56', '-54.819803', '-68.335902', 'https://suit.tur.ar/archivos/read/1717/mdc', '1'),
('155', 'Khami Sandwicheria', 'San Martin 54', '-54.805006', '-68.299033', 'https://suit.tur.ar/archivos/read/1710/mdc', '1'),
('156', 'Zekhausser', 'Rio Grande 118', '-54.818266', '-68.332089', 'https://suit.tur.ar/archivos/read/1720/mdc', '1'),
('159', 'Un Lugar Empanadas', 'Gdor. Deloqui 415', '-54.805409', '-68.304520', 'https://suit.tur.ar/archivos/read/1701/mdc', '1'),
('160', 'Sabrosisimo', 'Juan Domingo Perón 193', '-54.818023', '-68.336598', 'https://suit.tur.ar/archivos/read/1714/mdc', '1'),
('163', 'Los Arrayanes', 'Arturo Coronado 351', '-54.815333', '-68.334278', 'https://suit.tur.ar/archivos/read/1705/mdc', '1'),
('164', 'Doña Lupita', 'Don Bosco 314', '-54.806512', '-68.313177', 'https://suit.tur.ar/archivos/read/1772/mdc', '1'),
('165', 'La Tranquera del Pipo', 'Hipolito Yrigoyen 1808', '-54.827120', '-68.350062', NULL, '1'),
('166', 'La Pronto Pizzeria', 'Pastor Lawrence 771', '-54.815636', '-68.337153', 'https://suit.tur.ar/archivos/read/1630/mdc', '1'),
('167', 'La Marmita', 'Rivadavia 332', '-54.803604', '-68.302603', 'https://suit.tur.ar/archivos/read/1689/mdc', '1'),
('168', 'Frankfurt Grillada Beer', 'Gob. Deloqui 1110', '-54.807765', '-68.313823', 'https://suit.tur.ar/archivos/read/1703/mdc', '1'),
('171', 'Jagger', 'Antártida Argentina 173', '-54.804533', '-68.300146', 'https://suit.tur.ar/archivos/read/1709/mdc', '1'),
('172', 'The Birra', 'Roca 63', '-54.806408', '-68.303528', 'https://suit.tur.ar/archivos/read/1724/mdc', '1'),
('173', 'Café Net', 'San Martín 272', '-54.805674', '-68.301934', 'https://suit.tur.ar/archivos/read/1706/mdc', '1'),
('174', 'Placeres SIN TACC', 'Kupanaka 193', '-54.816604', '-68.327264', 'https://suit.tur.ar/archivos/read/2590/mdc', '1'),
('175', 'Yámana bar patín by GDS', '12 de Octubre 90', '-54.814078', '-68.319767', 'https://suit.tur.ar/archivos/read/1719/mdc', '1'),
('176', 'Dalí', 'San Martin 556', '-54.806769', '-68.306042', 'https://suit.tur.ar/archivos/read/1678/mdc', '1'),
('178', 'Fonda Bistró', 'San Martin 1467', '-54.809644', '-68.317908', 'https://suit.tur.ar/archivos/read/1774/mdc', '1'),
('179', 'Isabel Cocina al disco', 'Gobernador Godoy 15', '-54.806394', '-68.301797', 'https://suit.tur.ar/archivos/read/1685/mdc', '1'),
('182', 'Reve D`Orange (Htl Los Acebos)', 'Luis Martial 1911', '-54.806670', '-68.352216', 'https://suit.tur.ar/archivos/read/1780/mdc', '1'),
('183', 'Tren del Fin del Mundo', 'Ruta Nacional 3 KM 3042', '-44.046401', '-65.974656', NULL, NULL),
('184', 'Mr. Billard`s', 'Patagonia 55', '-54.809671', '-68.316881', NULL, '1'),
('185', 'Arlequín', 'San Martin 1302', '-54.809346', '-68.315833', 'https://suit.tur.ar/archivos/read/2234/mdc', '1'),
('186', 'Arlequín', 'San Martín 131', '-54.805214', '-68.300131', 'https://suit.tur.ar/archivos/read/1782/mdc', '1'),
('187', 'Verona', 'San Martín 718', '-54.807269', '-68.307887', 'https://suit.tur.ar/archivos/read/1775/mdc', '1'),
('188', 'Veggie food', 'San Martín 935 1º piso', '-54.807871', '-68.310994', 'https://suit.tur.ar/archivos/read/1779/mdc', '1'),
('189', 'YPF servicompras', 'Maipú 740', '-54.808220', '-68.307790', 'https://suit.tur.ar/archivos/read/1776/mdc', '1'),
('190', 'ACA servicompras', 'Maipú 1171', '-54.809519', '-68.313419', 'https://suit.tur.ar/archivos/read/1784/mdc', '1'),
('191', 'kamby servicompras', 'Perito Moreno 4788', '-54.790409', '-68.226947', 'https://suit.tur.ar/archivos/read/1783/mdc', '1'),
('192', 'Freddo', 'Perito Moreno 1460 - Paseo del Fuego Shopping', '-54.799539', '-68.279035', 'https://suit.tur.ar/archivos/read/1785/mdc', '1'),
('193', 'Mc Pipi', 'San Martin 957', '-54.808005', '-68.311313', 'https://suit.tur.ar/archivos/read/1777/mdc', '1'),
('194', 'Sr. Waffle', 'Perito Moreno 1460 - Paseo del Fuego Shopping', '-54.799539', '-68.279035', 'https://suit.tur.ar/archivos/read/1786/mdc', '1'),
('195', 'El Mercado', 'San Martin 1488', '-54.809896', '-68.318268', 'https://suit.tur.ar/archivos/read/1773/mdc', '1'),
('196', 'Restaurante y confitería Kaikén', 'Ruta Nacional n°3, km 2958', '-54.553704', '-67.226667', 'https://suit.tur.ar/archivos/read/1819/mdc', '3'),
('197', 'Restaurante y confitería Rutalsur', 'Ruta Nacional n°3, km 2954', '-54.524437', '-67.201214', 'https://suit.tur.ar/archivos/read/1820/mdc', '3'),
('198', 'Restaurante Posada los Ramírez', 'Av. de los Selk´nam n°411', '-54.510283', '-67.195098', 'https://suit.tur.ar/archivos/read/1821/mdc', '3'),
('199', 'Restaurante Los Amigos II', 'Av. de los Selk''nam n°147', '-54.510283', '-67.195098', 'https://suit.tur.ar/archivos/read/2081/mdc', '3'),
('200', 'Panadería La Unión', 'Cerro Jeujepen n°450', '-54.510335', '-67.198702', 'https://suit.tur.ar/archivos/read/1822/mdc', '3'),
('201', 'Restaurante Llamalo a Cacho', 'Dr. Courault n° 1741', '-54.494598', '-67.207474', 'https://suit.tur.ar/archivos/read/2074/mdc', '3'),
('202', 'Rotisería Sol de Tolhuin', 'Cerro Jeujepén n°453', '-54.510335', '-67.198702', 'https://suit.tur.ar/archivos/read/1792/mdc', '3'),
('203', 'Pizzería El Corazón', 'Juan Domingo Perón n°790', '-54.517947', '-67.199712', 'https://suit.tur.ar/archivos/read/1791/mdc', '3'),
('204', 'Rotisería Re Pancho''s', 'Lucas Bridges n°340', '-54.508380', '-67.194664', 'https://suit.tur.ar/archivos/read/1790/mdc', '3'),
('207', 'Rotisería La Nueva', 'Chepach n°35', '-54.505256', '-67.202655', 'https://suit.tur.ar/archivos/read/1788/mdc', '3'),
('208', 'Bar y Cervercería artesanal Garibaldi', 'Ruta Nacional n°3, km 2950', '-54.489279', '-67.181173', 'https://suit.tur.ar/archivos/read/1825/mdc', '3'),
('209', 'Comidas rápidas y Confitería JAD', 'Lucas Bridges y Esq. Te-Al', '-54.510444', '-67.195545', 'https://suit.tur.ar/archivos/read/2073/mdc', '3'),
('210', 'Estación de Servicio Y.P.F.', NULL, '-54.510889', '-67.192990', 'https://suit.tur.ar/archivos/read/1823/mdc', '3'),
('211', 'Mercado del Jardín - Don Fidel', 'San Martín 638 - Local 5 y 6', '0.000000', '0.000000', NULL, '1'),
('212', 'Mercado del Jardín - Sushi Truck', 'San Martín 638 - Local 9', '0.000000', '0.000000', NULL, '1'),
('213', 'Mercado del Jardín - Pepo´s', 'San Martín 638 - Local 10', '0.000000', '0.000000', NULL, '1'),
('214', 'Mercado del Jardín - Il punto pizza', 'San Martín 638 - Local 11', '0.000000', '0.000000', NULL, '1'),
('215', 'Mercado del  Jardín - Xpresso', 'San Martín 638 - Local 12', '0.000000', '0.000000', 'https://suit.tur.ar/archivos/read/2261/mdc', '1'),
('216', 'Mercado del Jardín - Panadería Amman', 'San Martín 638 - Local 13', '0.000000', '0.000000', 'https://suit.tur.ar/archivos/read/2301/mdc', '1'),
('217', 'Mercado del Jardín - Queenie´s Hot Dogs', 'San Martín 638 - Local 14', '0.000000', '0.000000', NULL, '1'),
('218', 'Don Fidel', 'San Martin 638', '-54.807024', '-68.306955', NULL, '1'),
('219', 'Balcarce', 'San Martin 898', '-54.807874', '-68.310367', 'https://suit.tur.ar/archivos/read/2235/mdc', '1'),
('220', 'Quinquela café bar & pizza', 'San Martin 565', '-34.601442', '-58.373890', NULL, NULL),
('221', 'Green & Company', 'Perito Moreno 1460 - Paseo del Fuego Shopping', '-54.799539', '-68.279035', 'https://suit.tur.ar/archivos/read/2238/mdc', '1'),
('222', 'Restaurante paso Garibaldi', 'Gobernador Deloqui 133', '-54.804418', '-68.300889', 'https://suit.tur.ar/archivos/read/2239/mdc', '1'),
('223', 'Cavas del Fin del Mundo', 'Ramón Cortes 559', '-54.803648', '-68.311515', NULL, '1'),
('224', 'Quinquela café bar & pizza', 'San Martin 565', '-54.806668', '-68.305921', 'https://suit.tur.ar/archivos/read/2237/mdc', '1'),
('225', 'Smechén', 'San Martin 741', '-54.807283', '-68.308321', 'https://suit.tur.ar/archivos/read/2236/mdc', '1'),
('226', 'Homero´s', 'San Martín 237', '-54.805539', '-68.301607', 'https://suit.tur.ar/archivos/read/2298/mdc', '1'),
('227', 'Chocolatería Edelweiss', 'Piedrabuena 248', '-54.807390', '-68.314100', 'https://suit.tur.ar/archivos/read/2295/mdc', '1'),
('228', 'Chocolatería Honecker', 'San Martín 880', '-54.807807', '-68.310190', 'https://suit.tur.ar/archivos/read/2296/mdc', '1'),
('229', 'Chocolatería Abuela Goye', 'San Martín 267', '-54.805633', '-68.301978', 'https://suit.tur.ar/archivos/read/2297/mdc', '1'),
('230', 'Van Gogh Beer house', 'San Martin 376', '-54.806086', '-68.303381', NULL, '1'),
('231', 'Prana Restaurante (Hotel Albatros)', 'Maipú 505', '-54.806967', '-68.304891', NULL, '1'),
('232', 'Sergio Gonzales Patissier Chocolates artesanales', '25 de Mayo 34', '-54.807318', '-68.305974', NULL, '1'),
('233', 'Lakuma bar de vinos', 'Piedrabuena 302', '-54.806923', '-68.314463', NULL, '1'),
('234', 'Ana y Juana', 'San Martin 1485', '-54.809710', '-68.318239', NULL, '1'),
('235', 'La nueva avenida', 'Alem 756', '-54.799961', '-68.313865', NULL, '1'),
('236', 'Pintó pizza', 'kamshen 716', '-54.802453', '-68.318008', NULL, '1'),
('237', 'KRUND USHUAIA', 'Deloqui 298', '-54.806937', '-68.310415', NULL, NULL),
('238', 'Triumph Ushuaia', 'San Martin 1130', '0.000000', '0.000000', NULL, '1'),
('239', 'Granja del Beagle', 'Ruta 30 km 8, Punta Paraná', '0.000000', '0.000000', NULL, '6'),
('240', 'Chacra Ruca Kellen', 'Puerto Almanza', '0.000000', '0.000000', NULL, '6'),
('241', 'Puerto Pirata', 'Ruta 30 km 11, Punta Paraná', '0.000000', '0.000000', NULL, '6'),
('242', 'A''kum Restó & Me', 'Ruta 30 km 11, Punta Paraná', '0.000000', '0.000000', NULL, '6');

INSERT INTO "public"."localidades" ("id", "nombre") VALUES
('1', 'Ushuaia'),
('2', 'Río Grande'),
('3', 'Tolhuin'),
('4', 'Ciudad Autónoma de Buenos Aires'),
('5', 'Antártida'),
('6', 'Puerto Almanza'),
('7', 'Valles Fueguinos');

ALTER TABLE "public"."actividad_gastronomico" ADD FOREIGN KEY ("gastronomico_id") REFERENCES "public"."gastronomicos"("id");
ALTER TABLE "public"."actividad_gastronomico" ADD FOREIGN KEY ("actividad_id") REFERENCES "public"."actividades"("id");
ALTER TABLE "public"."alojamientos" ADD FOREIGN KEY ("localidad_id") REFERENCES "public"."localidades"("id");
ALTER TABLE "public"."alojamientos" ADD FOREIGN KEY ("categoria_id") REFERENCES "public"."categorias"("id");
ALTER TABLE "public"."alojamientos" ADD FOREIGN KEY ("clasificacion_id") REFERENCES "public"."clasificaciones"("id");
ALTER TABLE "public"."especialidad_gastronomico" ADD FOREIGN KEY ("gastronomico_id") REFERENCES "public"."gastronomicos"("id");
ALTER TABLE "public"."especialidad_gastronomico" ADD FOREIGN KEY ("especialidad_id") REFERENCES "public"."especialidades"("id");
ALTER TABLE "public"."gastronomicos" ADD FOREIGN KEY ("localidad_id") REFERENCES "public"."localidades"("id");
